['MSL3'],[[1.93273502]],[[2.58999167]],[[2.64495312]],[[2.60927216]],[[2.49687001]],[[1.92388557]],[[1.76866055]],[[1.54235009]],[[0.95506572]],[[1.02992741]],[[0.8354318]],[[1.03049334]],[[0.83065756]]
['GAS7'],[[0.88283656]],[[2.42950946]],[[2.66022975]],[[2.78578536]],[[2.4368259]],[[2.15077818]],[[1.89909684]],[[1.72015433]],[[1.13005758]],[[1.11296923]],[[0.82777608]],[[1.02516793]],[[0.9067364]]
['SERPINB1'],[[1.86704885]],[[2.88525595]],[[2.97140644]],[[3.01838814]],[[3.01994912]],[[2.40596285]],[[2.12759084]],[[1.84187485]],[[1.23406363]],[[1.33731739]],[[1.0036621]],[[1.23376493]],[[1.00789303]]
['IFNGR1'],[[2.43455739]],[[2.46116985]],[[2.47963704]],[[2.515225]],[[2.52712271]],[[1.85423105]],[[1.64221227]],[[1.33430614]],[[1.12353366]],[[1.34348826]],[[0.94439359]],[[1.11437684]],[[0.92820216]]
['KIF1B'],[[2.20909007]],[[2.69386656]],[[2.7047228]],[[2.79169994]],[[2.80503651]],[[2.35574751]],[[2.06509352]],[[1.74432402]],[[1.22677695]],[[1.40727326]],[[1.10274717]],[[1.26606279]],[[1.0494943]]
['ATP9A'],[[2.16742795]],[[2.63635054]],[[2.8708411]],[[2.89761307]],[[3.57541036]],[[3.26014843]],[[2.8532009]],[[2.54296539]],[[1.96997538]],[[1.9955299]],[[1.64053137]],[[1.78539022]],[[1.5584295]]
['SLC2A3'],[[1.59005467]],[[2.89623188]],[[2.9930352]],[[3.03661319]],[[2.97177643]],[[2.67892236]],[[2.34004718]],[[2.13816376]],[[1.33333962]],[[1.55408392]],[[1.18855338]],[[1.38273965]],[[1.13165401]]
['BCAT1'],[[1.26782662]],[[2.61026816]],[[2.6991292]],[[2.77879293]],[[3.28428138]],[[2.15984451]],[[1.77964419]],[[1.83297611]],[[1.92705327]],[[1.95973725]],[[1.53118247]],[[1.41060371]],[[1.34708383]]
['DGAT2'],[[1.95451603]],[[2.83766153]],[[2.94652583]],[[2.94021285]],[[2.77577879]],[[2.4436203]],[[2.047618]],[[1.94598208]],[[1.40586224]],[[1.60605339]],[[1.21284699]],[[1.42893628]],[[1.11846522]]
['SBNO2'],[[1.47516129]],[[2.80660003]],[[2.867161]],[[2.6644561]],[[2.57079574]],[[2.08277224]],[[1.82859669]],[[1.80662526]],[[1.28269687]],[[1.47039339]],[[1.06332657]],[[1.31049009]],[[1.06678681]]
['MEF2A'],[[1.40805896]],[[2.65236578]],[[2.61998377]],[[2.63148087]],[[2.4942565]],[[2.08650276]],[[1.85783448]],[[1.63275558]],[[1.18455299]],[[1.17265415]],[[1.01193444]],[[1.20702258]],[[0.98425673]]
['ACSL4'],[[1.86908322]],[[3.02616854]],[[3.07070692]],[[3.14618247]],[[2.84060701]],[[1.69227977]],[[1.49855019]],[[1.21140515]],[[0.93620359]],[[1.16462035]],[[0.89046347]],[[1.05889601]],[[0.89933247]]
['BCL3'],[[1.28754076]],[[3.01168262]],[[3.09961434]],[[3.03202928]],[[2.68013817]],[[2.22700914]],[[1.90507418]],[[2.04961562]],[[1.08744223]],[[1.35813174]],[[0.98195171]],[[1.20754611]],[[0.96136814]]
['TMEM260'],[[1.12454542]],[[2.53235591]],[[2.43713966]],[[2.44819177]],[[2.49393292]],[[1.9476992]],[[1.60381652]],[[1.38557166]],[[1.00638698]],[[1.0930699]],[[0.90733998]],[[1.09224391]],[[0.90320837]]
['MRVI1'],[[1.4044499]],[[2.43839228]],[[2.52528409]],[[2.44978275]],[[2.39777391]],[[2.53241682]],[[2.00073324]],[[1.56810306]],[[1.08868655]],[[1.34471501]],[[1.07230602]],[[1.1737892]],[[0.93016745]]
['DHRS9'],[[1.87932979]],[[1.45973488]],[[1.32974358]],[[1.08174525]],[[2.60352313]],[[0.28248432]],[[0.73092497]],[[0.56834755]],[[0.74889926]],[[1.04401524]],[[0.66691662]],[[0.88215215]],[[0.83038466]]
['IL4R'],[[1.17359635]],[[3.10274714]],[[3.24545962]],[[3.2084167]],[[3.3251181]],[[2.62949123]],[[2.22413907]],[[2.0626321]],[[1.35285333]],[[1.41441027]],[[1.13273464]],[[1.41039842]],[[1.12278508]]
['CST7'],[[2.05919335]],[[2.80319271]],[[3.14575742]],[[3.1786923]],[[3.37548051]],[[3.56167186]],[[3.47490669]],[[3.33120125]],[[1.89848889]],[[1.48593101]],[[1.4667388]],[[1.94149592]],[[1.53146773]]
['SMAP2'],[[2.4085624]],[[2.81094897]],[[2.82860057]],[[2.75213059]],[[2.67426762]],[[1.2721798]],[[1.27649935]],[[1.14173154]],[[1.04955476]],[[1.34554099]],[[0.97906542]],[[1.17289883]],[[0.99886609]]
['CD59'],[[1.56297666]],[[2.79181948]],[[2.92756868]],[[2.94016279]],[[2.94376046]],[[1.90221159]],[[1.6630423]],[[1.63242945]],[[1.17914175]],[[1.27614734]],[[0.89975073]],[[1.1811844]],[[0.94114955]]
['NME8'],[[2.30361398]],[[2.74741295]],[[2.45868166]],[[2.54398107]],[[2.85859145]],[[2.28277122]],[[1.87424303]],[[1.34708533]],[[1.1117918]],[[1.36649052]],[[1.20210122]],[[1.38317883]],[[1.12984272]]
['PGS1'],[[1.64204272]],[[3.56230958]],[[3.6650949]],[[3.51081392]],[[3.14690928]],[[2.58031029]],[[2.11792333]],[[1.98626053]],[[1.27064268]],[[1.31738105]],[[0.99901322]],[[1.29430526]],[[1.02356392]]
['GRAMD1A'],[[1.73860173]],[[2.66405369]],[[2.83210295]],[[2.73241351]],[[2.66559486]],[[2.44980144]],[[1.98681055]],[[1.76233762]],[[1.22848262]],[[1.45999337]],[[1.10171805]],[[1.37362801]],[[1.11039495]]
['NLRC4'],[[1.70290946]],[[2.03473917]],[[1.98171041]],[[2.1251771]],[[2.57158333]],[[2.31562491]],[[2.24261137]],[[1.89147209]],[[1.2852107]],[[1.27751159]],[[0.93226195]],[[1.07047185]],[[0.89368816]]
['HAUS4'],[[2.234001]],[[2.84334478]],[[2.80589098]],[[2.80235794]],[[2.59431798]],[[2.50934921]],[[2.03240392]],[[1.8296148]],[[1.25841486]],[[1.27871672]],[[1.03134237]],[[1.17881963]],[[0.91337526]]
['SRPK1'],[[2.2749953]],[[2.49291049]],[[2.55148803]],[[2.61489487]],[[2.39562019]],[[2.30355585]],[[2.05425016]],[[1.73552304]],[[1.00592648]],[[1.19564482]],[[0.87188926]],[[1.05353479]],[[0.85148299]]
['PYGL'],[[2.42948241]],[[2.58524157]],[[2.64925001]],[[2.65743014]],[[2.80479068]],[[2.65649565]],[[2.48092904]],[[2.22844341]],[[1.52996554]],[[1.60839776]],[[1.13080011]],[[1.28569387]],[[1.04393716]]
['TMED8'],[[1.22168624]],[[3.3204368]],[[3.37089532]],[[3.34914681]],[[3.291214]],[[2.00867099]],[[1.69563534]],[[1.47783967]],[[1.29816386]],[[1.36481934]],[[1.15071313]],[[1.28381005]],[[1.11818958]]
['SPTLC2'],[[2.41354798]],[[2.37656283]],[[2.27115241]],[[2.28189746]],[[2.49275268]],[[1.34012187]],[[1.33906588]],[[1.10727663]],[[0.97115026]],[[1.14438383]],[[0.89023219]],[[1.02566633]],[[0.89640348]]
['APMAP'],[[2.61221098]],[[2.71541882]],[[2.75043925]],[[2.76651791]],[[3.09998032]],[[2.21222805]],[[2.26982628]],[[2.16176389]],[[1.49323275]],[[1.63810282]],[[1.29622886]],[[1.49199005]],[[1.25042479]]
['TLR8'],[[1.38171338]],[[2.04945635]],[[2.0950211]],[[2.11491409]],[[2.27620565]],[[1.82411429]],[[1.61656198]],[[1.27208338]],[[0.92921108]],[[1.13099721]],[[0.89317299]],[[1.00117103]],[[0.82178195]]
['CDADC1'],[[1.90092143]],[[2.46132041]],[[2.39471647]],[[2.53598979]],[[2.49184637]],[[1.4105885]],[[1.21921381]],[[1.01551296]],[[0.88954015]],[[1.08982813]],[[0.95155572]],[[1.10658857]],[[0.99884096]]
['DGKH'],[[1.0266094]],[[3.58518373]],[[3.34774476]],[[3.16456493]],[[2.83381666]],[[0.62163239]],[[0.65749994]],[[0.7255365]],[[0.89832012]],[[1.03536148]],[[0.91788368]],[[1.08500412]],[[0.94024663]]
['AQP9'],[[1.92419222]],[[2.61824057]],[[2.69370898]],[[2.73254264]],[[2.60432276]],[[2.12140036]],[[1.80303474]],[[1.62474895]],[[1.08222357]],[[1.27714318]],[[0.92411363]],[[1.08935133]],[[0.83267202]]
['SH2D4A'],[[2.61351902]],[[3.98407619]],[[2.19409983]],[[3.30138209]],[[4.52512727]],[[2.52842556]],[[2.07015256]],[[2.52651885]],[[1.29047729]],[[3.00038716]],[[2.09949373]],[[2.71224487]],[[2.6616577]]
['PEX11G'],[[1.64768803]],[[2.6983312]],[[2.79910122]],[[3.01558212]],[[4.01985008]],[[2.4254496]],[[2.07015235]],[[1.94750831]],[[2.44885561]],[[2.26677218]],[[2.23007822]],[[2.1802773]],[[1.62843329]]
['NAMPT'],[[2.10737536]],[[2.45965023]],[[2.48591627]],[[2.51557134]],[[2.37828805]],[[2.03790932]],[[1.74350283]],[[1.41915715]],[[0.89845524]],[[1.23877732]],[[0.82025459]],[[1.00843357]],[[0.80698308]]
['CNTNAP3'],[[2.00117087]],[[2.91094404]],[[3.06176521]],[[2.85834815]],[[2.61922944]],[[2.31408341]],[[1.8621532]],[[1.68395009]],[[1.38471517]],[[1.16586538]],[[1.05481443]],[[1.23243666]],[[0.93832615]]
['MEGF9'],[[2.38830054]],[[2.41154917]],[[2.34635815]],[[2.34066856]],[[2.51964088]],[[1.63525144]],[[1.64112442]],[[1.43504226]],[[1.17456385]],[[1.51827401]],[[1.09746016]],[[1.18793815]],[[1.06153556]]
['ST3GAL4'],[[1.38074819]],[[3.33494148]],[[3.41242754]],[[3.43377751]],[[3.12442273]],[[2.92015376]],[[2.32459781]],[[2.30158433]],[[1.6574494]],[[1.6890301]],[[1.34137701]],[[1.64872071]],[[1.32287607]]
['FOLR3'],[[2.3098974]],[[2.76889825]],[[2.97344154]],[[2.80595775]],[[2.93868853]],[[2.87811006]],[[2.73009659]],[[2.74846912]],[[1.66844376]],[[2.12120155]],[[1.83570468]],[[1.86932504]],[[1.82487137]]
['LIN7A'],[[1.87700674]],[[2.31170417]],[[2.33728421]],[[2.30875548]],[[2.62837194]],[[2.19994869]],[[1.91576162]],[[1.53053729]],[[1.36027906]],[[1.57784]],[[1.26236842]],[[1.31663092]],[[1.11516518]]
['ACSS3'],[[1.82536762]],[[2.28416119]],[[2.11442966]],[[2.20472859]],[[2.41957673]],[[2.19911251]],[[1.73674808]],[[1.53247354]],[[1.32409062]],[[1.45654992]],[[1.21489226]],[[1.34837492]],[[1.14631368]]
['MAK'],[[1.13705435]],[[2.58752452]],[[2.65453798]],[[2.71223746]],[[2.64801934]],[[2.33140805]],[[2.09608789]],[[1.83550772]],[[1.18729341]],[[1.05548928]],[[1.12634143]],[[1.36821653]],[[1.00406822]]
['MAPK14'],[[1.90915328]],[[2.67482817]],[[2.72188153]],[[2.77397382]],[[2.72462232]],[[2.41968179]],[[2.22234032]],[[1.94525277]],[[1.17086374]],[[1.21320258]],[[0.92539348]],[[1.11383225]],[[0.91813709]]
['VNN2'],[[2.28231768]],[[2.27789331]],[[2.34016846]],[[2.34694591]],[[2.65538237]],[[1.97095944]],[[1.64690003]],[[1.4595168]],[[1.22653266]],[[1.51652339]],[[1.1413245]],[[1.27637366]],[[1.05743786]]
['LMNB1'],[[1.39232403]],[[2.73000983]],[[2.81632719]],[[2.90588532]],[[2.60382682]],[[2.36557647]],[[1.93675495]],[[1.71163596]],[[0.99674544]],[[1.14708465]],[[0.74475045]],[[0.99365437]],[[0.79929751]]
['BCL6'],[[1.67784528]],[[2.82300374]],[[3.00465572]],[[2.95348514]],[[2.764775]],[[2.65355162]],[[2.45120899]],[[2.00440652]],[[1.24921127]],[[1.38831468]],[[1.01667323]],[[1.22486563]],[[0.97635444]]
['PFKFB4'],[[2.24741502]],[[2.70588405]],[[2.59618436]],[[2.44357143]],[[2.51952188]],[[1.84458515]],[[1.75474503]],[[1.61104565]],[[1.28492691]],[[1.51836477]],[[1.06747511]],[[1.3054093]],[[1.09557954]]
['QPCT'],[[2.62628432]],[[2.36885767]],[[2.39038149]],[[2.38247787]],[[2.62385531]],[[2.29217835]],[[2.12413839]],[[1.95656215]],[[1.39838446]],[[1.67978689]],[[1.14698913]],[[1.27413533]],[[1.07442528]]
['EPAS1'],[[1.953043]],[[2.63972539]],[[2.67674391]],[[2.69575551]],[[2.8405856]],[[1.24653615]],[[1.35070452]],[[1.04572353]],[[1.28162482]],[[1.69925091]],[[1.26666772]],[[1.28119868]],[[1.10820278]]
['PHTF1'],[[2.4327589]],[[3.40109954]],[[3.33065885]],[[3.30366155]],[[3.17644548]],[[2.03615865]],[[1.90287838]],[[1.52865585]],[[1.09385265]],[[1.28122749]],[[1.00949468]],[[1.133942]],[[0.93522293]]
['SLC5A9'],[[2.749804]],[[3.0194815]],[[3.50483588]],[[3.04847608]],[[2.94746677]],[[2.23345081]],[[2.1452939]],[[0.8088897]],[[1.66359223]],[[1.49426361]],[[1.17773816]],[[1.53363616]],[[1.32463148]]
['IRF2BPL'],[[1.82253438]],[[2.86483919]],[[2.94085647]],[[2.81026361]],[[2.91781485]],[[2.25231529]],[[1.87247115]],[[1.64233733]],[[1.23948524]],[[1.62983054]],[[1.22790751]],[[1.47975754]],[[1.29267004]]
['KBTBD7'],[[2.26957292]],[[2.39719995]],[[2.4079812]],[[2.47757662]],[[2.68093105]],[[1.60311978]],[[1.50994209]],[[1.33841198]],[[1.0245057]],[[1.21388067]],[[0.94480868]],[[1.1429538]],[[0.93777613]]
['TRIM25'],[[1.49147838]],[[2.63489772]],[[2.6797465]],[[2.54964623]],[[2.37382337]],[[1.83134377]],[[1.67330261]],[[1.54130685]],[[1.03771277]],[[1.17625358]],[[0.80327344]],[[1.05355027]],[[0.84560807]]
['PLBD1'],[[2.19715288]],[[2.51797061]],[[2.53453469]],[[2.57859979]],[[2.78156555]],[[2.29339741]],[[2.40862006]],[[1.82665821]],[[1.58375311]],[[1.64325898]],[[1.09620194]],[[1.30559881]],[[1.1038066]]
['SRGN'],[[2.34658628]],[[2.57099197]],[[2.62843972]],[[2.61456356]],[[2.37931043]],[[1.73872516]],[[1.62586361]],[[1.52678682]],[[1.15468544]],[[1.40395066]],[[0.93884847]],[[1.12706682]],[[0.9078965]]
['KCNJ2'],[[2.02047505]],[[2.76179871]],[[2.67218608]],[[2.59179333]],[[2.50602457]],[[1.86439587]],[[1.68162865]],[[1.65852043]],[[1.08380727]],[[1.18203087]],[[0.81228446]],[[1.13031175]],[[0.94549698]]
['C4BPA'],[[1.68006413]],[[2.6983315]],[[2.42511459]],[[2.92499885]],[[5.10973564]],[[1.40928115]],[[1.37832051]],[[1.56444051]],[[2.69249853]],[[2.39844573]],[[3.53479701]],[[2.94984951]],[[0.62365561]]
['GLIS2'],[[3.0744922]],[[3.84216739]],[[3.69818901]],[[3.37713914]],[[3.70062656]],[[2.46752626]],[[2.07015256]],[[2.01704897]],[[2.19628272]],[[2.00852364]],[[1.69423576]],[[1.81961398]],[[1.46696385]]
['POR'],[[1.802315]],[[2.89889898]],[[3.06782887]],[[3.06961346]],[[2.98991802]],[[2.33776798]],[[2.01969495]],[[1.83907861]],[[1.25825358]],[[1.3112535]],[[1.00750489]],[[1.25712669]],[[0.98366116]]
['NECTIN2'],[[1.27464376]],[[2.97560308]],[[3.01458174]],[[3.02182779]],[[2.4633742]],[[2.46814206]],[[2.11303888]],[[1.77540072]],[[0.96326666]],[[1.18796491]],[[0.48755194]],[[0.82378127]],[[0.73116721]]
['CHSY1'],[[1.8645269]],[[2.94212672]],[[3.02871786]],[[3.08362605]],[[2.62650622]],[[2.03525557]],[[1.43377299]],[[1.32472303]],[[0.95573]],[[1.20012814]],[[0.92924284]],[[1.09198114]],[[0.91466652]]
['TBC1D14'],[[2.18028935]],[[2.63867377]],[[2.68895246]],[[2.63527905]],[[2.60826087]],[[1.83290061]],[[1.6750678]],[[1.51179879]],[[1.17379138]],[[1.48521367]],[[1.1043583]],[[1.3178374]],[[1.13358675]]
['PPP1R3D'],[[1.68766663]],[[2.52057408]],[[2.49779696]],[[2.49014511]],[[2.4838877]],[[2.09779694]],[[1.7405592]],[[1.66910849]],[[1.2644675]],[[1.33545964]],[[1.10322447]],[[1.22012468]],[[1.02058271]]
['TMTC1'],[[1.36625169]],[[1.82370195]],[[1.84805145]],[[2.12237259]],[[2.61875191]],[[2.35447398]],[[2.41986952]],[[2.10817257]],[[1.59704481]],[[1.0245625]],[[0.56531406]],[[0.61884059]],[[0.52268389]]
['LDHA'],[[1.10984517]],[[2.62834876]],[[2.70983038]],[[2.81613967]],[[2.82914273]],[[2.04406224]],[[1.94918528]],[[1.65686454]],[[1.12575278]],[[1.2871515]],[[0.97416303]],[[1.18247083]],[[1.01760196]]
['ADAM19'],[[2.56959546]],[[2.55893043]],[[2.53405211]],[[2.49209109]],[[2.55239029]],[[1.80508363]],[[1.84038273]],[[1.67921935]],[[1.38287848]],[[1.59018953]],[[1.12203717]],[[1.23919819]],[[1.10229498]]
['CCNJL'],[[1.88777157]],[[2.70680015]],[[2.80271693]],[[2.74700046]],[[2.83624482]],[[2.33259829]],[[2.04806419]],[[1.8339861]],[[1.34842713]],[[1.65937092]],[[1.26867951]],[[1.51375872]],[[1.19609565]]
['ACVR1B'],[[1.97564848]],[[2.5859017]],[[2.62507355]],[[2.45850577]],[[2.69767284]],[[1.91092384]],[[1.88217745]],[[1.62855505]],[[1.28580767]],[[1.5209177]],[[1.11961637]],[[1.26991011]],[[1.11956702]]
['DYSF'],[[2.47439655]],[[2.62388009]],[[2.75589161]],[[2.74857852]],[[2.77041261]],[[2.88202781]],[[2.61447314]],[[2.36029854]],[[1.51643564]],[[1.59169804]],[[1.12567383]],[[1.31768962]],[[1.08100182]]
['CKAP4'],[[2.42711626]],[[2.33549752]],[[2.48972167]],[[2.5777212]],[[2.66793562]],[[2.31157742]],[[2.29197047]],[[2.03301467]],[[1.30574799]],[[1.41755237]],[[1.03486008]],[[1.1867921]],[[0.90604348]]
['MTHFS'],[[2.01271054]],[[3.20723072]],[[3.3280137]],[[2.95094056]],[[3.03908319]],[[1.97445024]],[[1.60476615]],[[1.61728913]],[[1.11733811]],[[1.4814828]],[[1.28535512]],[[1.46917672]],[[1.35939945]]
['HLX'],[[1.84759072]],[[3.28288675]],[[3.36614028]],[[3.16575459]],[[2.95192267]],[[1.56594863]],[[1.55855597]],[[1.51277129]],[[1.15144083]],[[1.49588642]],[[1.01972715]],[[1.25965152]],[[1.07806945]]
['TXN'],[[2.43047567]],[[2.30279701]],[[2.32805047]],[[2.38531959]],[[2.66711259]],[[1.87099894]],[[1.76756768]],[[1.61991234]],[[1.50528987]],[[1.68529439]],[[1.15027859]],[[1.32189039]],[[1.06460001]]
['TLR4'],[[1.94154743]],[[2.75774449]],[[2.80245347]],[[2.85707139]],[[3.05005014]],[[1.77469814]],[[1.56352416]],[[1.29930015]],[[0.96612427]],[[1.25649003]],[[0.90389815]],[[1.0604021]],[[0.86428574]]
['FLOT1'],[[1.75974321]],[[2.64214943]],[[2.75621087]],[[2.71085098]],[[2.55362735]],[[2.2011807]],[[1.98079972]],[[1.84520218]],[[1.13178548]],[[1.48352315]],[[0.99331936]],[[1.25875589]],[[1.0232199]]
['CASP5'],[[0.85355557]],[[2.937387]],[[2.98056454]],[[3.07393695]],[[2.81799163]],[[2.57728257]],[[1.71696049]],[[1.51071394]],[[1.20463129]],[[1.10077749]],[[0.87467839]],[[1.45993579]],[[1.01808095]]
['MFSD13A'],[[3.50111713]],[[3.51946463]],[[3.39199513]],[[3.1853218]],[[3.23326365]],[[1.95781374]],[[2.07015223]],[[1.76829016]],[[1.44150927]],[[1.35215797]],[[1.14727973]],[[1.35403249]],[[1.24792514]]
['EXOC6'],[[1.33735057]],[[2.19849707]],[[2.16537943]],[[2.15000431]],[[2.23261477]],[[1.54656709]],[[1.46355955]],[[1.06699992]],[[0.84401554]],[[1.00734743]],[[0.74858716]],[[0.87547475]],[[0.71981616]]
['HECW2'],[[2.55700499]],[[3.0868217]],[[3.02069603]],[[3.10317567]],[[3.09433006]],[[1.97980061]],[[1.69674774]],[[1.26266495]],[[1.26835655]],[[1.77672406]],[[1.28292946]],[[1.44073624]],[[1.27444743]]
['ARHGAP24'],[[1.78762237]],[[3.08933122]],[[3.06094454]],[[3.10860461]],[[3.02400066]],[[1.88732642]],[[1.8351074]],[[1.54217778]],[[1.41857232]],[[1.34135596]],[[1.16250488]],[[1.31247643]],[[1.13501165]]
['FGD4'],[[2.63155683]],[[3.01828766]],[[3.04607865]],[[3.09298053]],[[2.82861294]],[[1.7031701]],[[1.66009182]],[[1.26721303]],[[0.99345951]],[[1.22845872]],[[0.88974419]],[[1.04654877]],[[0.90237652]]
['RAB20'],[[1.22679123]],[[2.69158881]],[[2.86098457]],[[2.97520238]],[[2.47578642]],[[1.92872892]],[[1.5842503]],[[1.41805675]],[[1.30328403]],[[1.48185051]],[[0.99247205]],[[1.16396979]],[[0.91928437]]
['MCTP2'],[[1.76380784]],[[3.18262097]],[[3.24963707]],[[3.24494433]],[[3.12693749]],[[2.42384675]],[[2.0320911]],[[1.63064581]],[[1.23222921]],[[1.4416098]],[[1.10621581]],[[1.28439636]],[[1.08833313]]
['TRPM2'],[[1.48029434]],[[1.8647502]],[[1.97480081]],[[2.01969934]],[[2.14248031]],[[1.96410112]],[[1.92030463]],[[1.57930524]],[[1.21234772]],[[1.29217992]],[[0.97734908]],[[1.09164136]],[[0.94636313]]
['PGD'],[[2.17642607]],[[2.67409718]],[[2.79965602]],[[2.83819527]],[[2.93977901]],[[2.45832405]],[[2.3950783]],[[2.12043137]],[[1.55713332]],[[1.78613929]],[[1.19900469]],[[1.37016124]],[[1.17479222]]
['S100A8'],[[2.3997982]],[[2.53362452]],[[2.62569323]],[[2.71783166]],[[3.12595769]],[[3.04919555]],[[2.91071167]],[[2.63917255]],[[1.68761438]],[[1.76813815]],[[1.12673221]],[[1.3796931]],[[1.04534409]]
['RALB'],[[2.19852433]],[[2.58504209]],[[2.61345278]],[[2.60075306]],[[2.65685179]],[[1.87795543]],[[1.7121754]],[[1.52458434]],[[1.13514399]],[[1.28913101]],[[1.0088866]],[[1.17625139]],[[0.95300839]]
['GPR17'],[[2.61351885]],[[2.81548481]],[[3.12896749]],[[2.51717051]],[[3.1143368]],[[2.52842566]],[[2.07015235]],[[1.82359658]],[[1.37435271]],[[1.57973568]],[[1.56611252]],[[1.97740251]],[[1.74006839]]
['CSRNP1'],[[1.34524001]],[[3.15301809]],[[3.33709129]],[[3.32755052]],[[2.75725233]],[[1.89586036]],[[1.64824384]],[[1.58578834]],[[0.97701704]],[[1.16568177]],[[0.95454115]],[[1.24048072]],[[0.90798637]]
['KLHL8'],[[2.72548634]],[[2.66357956]],[[2.59298958]],[[2.54372483]],[[2.61649936]],[[1.27528927]],[[1.46240693]],[[1.18516595]],[[1.02514349]],[[1.26286129]],[[0.91365157]],[[1.04950218]],[[0.91665481]]
['ROPN1L'],[[2.22857975]],[[2.75809729]],[[2.73415053]],[[2.70647893]],[[2.8316739]],[[2.23616018]],[[2.25628322]],[[1.81903377]],[[1.27720047]],[[1.60196103]],[[1.1676652]],[[1.31300657]],[[0.9782345]]
['MYO10'],[[1.05657562]],[[2.32623089]],[[2.21160946]],[[2.73278016]],[[3.4936809]],[[2.76823255]],[[2.29253419]],[[2.44212692]],[[1.88614677]],[[1.74415658]],[[1.38438179]],[[1.56478615]],[[1.09829011]]
['DOK3'],[[1.82173202]],[[2.72391539]],[[2.76076909]],[[2.65043697]],[[2.60762004]],[[2.34323862]],[[2.07101686]],[[2.00225362]],[[1.39601819]],[[1.59518492]],[[1.17305148]],[[1.37915789]],[[1.10046993]]
['PDSS1'],[[1.10735163]],[[1.85442057]],[[2.01797621]],[[1.97016396]],[[2.52456413]],[[1.49753603]],[[1.61830543]],[[1.14651926]],[[1.05763587]],[[1.20345353]],[[1.00479033]],[[1.19018606]],[[0.95255728]]
['PSTPIP2'],[[1.87445824]],[[2.92502102]],[[2.88802384]],[[2.76280957]],[[2.90449565]],[[1.37953742]],[[1.69205602]],[[1.3774501]],[[1.11656548]],[[1.27664448]],[[1.03730232]],[[1.12450159]],[[1.01719074]]
['KCNK13'],[[0.1522525]],[[1.86780428]],[[1.70241824]],[[2.00152109]],[[1.69809121]],[[1.88587016]],[[1.55944597]],[[1.31652203]],[[0.90307694]],[[1.05771513]],[[0.77210486]],[[0.87873336]],[[0.8703216]]
['LY96'],[[1.50909366]],[[2.57656005]],[[2.64346112]],[[2.49885203]],[[2.42534847]],[[1.79335509]],[[1.46707472]],[[1.15472563]],[[0.9443143]],[[1.04968806]],[[0.73947149]],[[0.91380467]],[[0.65212581]]
['ATP6V1C1'],[[1.20287513]],[[2.36904566]],[[2.36271478]],[[2.45925157]],[[2.48952557]],[[1.99827735]],[[1.6395892]],[[1.28235499]],[[0.97721612]],[[1.02613229]],[[0.84821661]],[[1.03268591]],[[0.88368663]]
['FAM126B'],[[1.42210653]],[[2.55953172]],[[2.52936797]],[[2.57613063]],[[2.53644829]],[[1.7748413]],[[1.70530624]],[[1.40270266]],[[1.00781426]],[[1.11914599]],[[0.83674959]],[[1.08269384]],[[0.84292693]]
['TDRD9'],[[1.05940404]],[[1.89640482]],[[2.14137875]],[[2.23454628]],[[2.52950528]],[[2.92031538]],[[3.0740823]],[[2.367171]],[[1.67864882]],[[1.60082657]],[[1.00429888]],[[1.26924004]],[[0.96616245]]
['ETS2'],[[1.83689765]],[[2.93641868]],[[3.04596512]],[[3.15507779]],[[2.68272638]],[[2.37156524]],[[2.0772545]],[[1.85487723]],[[1.25236793]],[[1.28351798]],[[1.00393948]],[[1.22932815]],[[0.97003897]]
['B4GALT5'],[[1.90636543]],[[3.06821105]],[[3.12534156]],[[3.1299938]],[[2.99383524]],[[1.95124178]],[[1.9600639]],[[1.70029496]],[[1.11784097]],[[1.36600153]],[[0.90193434]],[[1.18328008]],[[0.96268484]]
['RGL4'],[[2.46982519]],[[3.11667775]],[[3.15851761]],[[3.06351745]],[[3.36301396]],[[2.90302734]],[[2.65359122]],[[2.31314375]],[[1.42892136]],[[1.4724324]],[[1.1897733]],[[1.42162187]],[[1.08667876]]
['HK3'],[[1.8258561]],[[2.19414857]],[[2.32201559]],[[2.20624746]],[[2.58171238]],[[2.85076132]],[[2.6701022]],[[2.38002226]],[[1.57065517]],[[1.5894877]],[[1.05056487]],[[1.24285013]],[[1.03519692]]
['S100A9'],[[2.26493709]],[[2.37170441]],[[2.42124463]],[[2.48245752]],[[2.79285746]],[[2.71775762]],[[2.62779465]],[[2.44731488]],[[1.58514414]],[[1.71461162]],[[1.09746019]],[[1.33003326]],[[1.04316156]]
['TGFA'],[[1.6886198]],[[3.23741696]],[[3.24196795]],[[3.17724732]],[[3.11585592]],[[2.45026984]],[[2.38301912]],[[2.01564801]],[[1.62283245]],[[1.57572496]],[[1.2713332]],[[1.46382917]],[[1.13065611]]
['SLC22A15'],[[2.09930061]],[[2.33065126]],[[2.35518679]],[[2.30730582]],[[2.35570203]],[[1.46094146]],[[1.39978795]],[[1.05473506]],[[0.94612804]],[[1.19888129]],[[0.89842033]],[[1.04574698]],[[0.91694036]]
['PROK2'],[[1.34828007]],[[2.94810232]],[[3.08366775]],[[3.08281774]],[[3.07339024]],[[3.27154247]],[[2.52204212]],[[2.25651772]],[[1.26064786]],[[1.58692878]],[[1.05894036]],[[1.42663882]],[[1.13425058]]
['AIM2'],[[2.62149044]],[[2.57213999]],[[2.57566574]],[[2.47770225]],[[2.17508511]],[[1.81352419]],[[1.66526416]],[[1.34957608]],[[0.77055291]],[[0.88694974]],[[0.57062711]],[[0.73207143]],[[0.67403066]]
['WDFY3'],[[1.84138907]],[[2.45653112]],[[2.5625101]],[[2.68440121]],[[2.62797397]],[[2.17674702]],[[1.7972227]],[[1.42658702]],[[0.98091044]],[[1.21168924]],[[0.8646478]],[[1.04638179]],[[0.88040804]]
['RBM47'],[[1.59710881]],[[2.55601961]],[[2.6436396]],[[2.57968939]],[[2.54255344]],[[1.92073659]],[[1.6169112]],[[1.40183134]],[[1.15687946]],[[1.41784356]],[[0.99132603]],[[1.17578722]],[[0.99932907]]
['PLSCR2'],[[0.48542267]],[[1.4044414]],[[1.53593954]],[[1.41196162]],[[2.00029499]],[[0.8637351]],[[0.41495988]],[[0.56186852]],[[0.47481311]],[[0.42965617]],[[0.28002005]],[[0.46011083]],[[0.3776043]]
['S100P'],[[2.74348678]],[[2.8105842]],[[2.89720744]],[[2.87116632]],[[2.88321739]],[[1.94857177]],[[1.94660028]],[[1.84370771]],[[1.31648133]],[[1.78595696]],[[1.0312234]],[[1.5106994]],[[1.06625085]]
['POC1A'],[[0.62576104]],[[3.11880994]],[[2.92794482]],[[3.09024109]],[[2.25513812]],[[1.56126507]],[[0.87988052]],[[0.78365305]],[[0.79826274]],[[1.03998919]],[[0.68242066]],[[0.95618092]],[[0.81264081]]
['HPGD'],[[1.16349037]],[[2.76903269]],[[2.74401303]],[[3.07366151]],[[4.00755057]],[[2.87467543]],[[2.77934401]],[[2.04436937]],[[1.51412686]],[[1.61894548]],[[1.23100868]],[[1.53790136]],[[1.24885473]]
['NFIL3'],[[2.08024274]],[[2.59696308]],[[2.71219084]],[[2.72710695]],[[2.27587188]],[[2.00053595]],[[1.67801565]],[[1.52446295]],[[1.01621618]],[[1.28440845]],[[0.91794157]],[[1.04145689]],[[0.85746963]]
['DHRS13'],[[0.92763804]],[[3.74344285]],[[3.79741807]],[[3.62403024]],[[3.42793085]],[[2.78072675]],[[2.26302999]],[[2.18535892]],[[1.35483006]],[[1.48814427]],[[1.20255535]],[[1.58699176]],[[1.26728103]]
['REPS2'],[[2.33888178]],[[2.65548531]],[[2.56053115]],[[2.47763081]],[[2.50687886]],[[1.52595347]],[[1.58291671]],[[1.35800578]],[[1.13146485]],[[1.43080249]],[[1.07387241]],[[1.20415296]],[[1.04110887]]
['GPR27'],[[1.74688859]],[[3.29330117]],[[3.2303151]],[[3.1250605]],[[3.32736912]],[[2.11241295]],[[1.87741876]],[[1.88265456]],[[1.61375977]],[[1.84501093]],[[1.39437277]],[[1.52640393]],[[1.2951459]]
['FPR2'],[[2.52885143]],[[2.84291336]],[[2.95518928]],[[2.95231878]],[[2.94021765]],[[2.24731076]],[[2.01439072]],[[1.72047478]],[[1.28661911]],[[1.65657474]],[[1.2785909]],[[1.51572628]],[[1.19427806]]
['INSR'],[[1.41954568]],[[2.48920025]],[[2.46799817]],[[2.35375359]],[[2.4096159]],[[1.01968731]],[[1.04863649]],[[1.10746299]],[[1.11692104]],[[1.26020098]],[[0.96775633]],[[1.03862369]],[[0.95602992]]
['CHD7'],[[2.41217062]],[[3.16183346]],[[3.12925318]],[[3.11434223]],[[3.16001753]],[[1.33237659]],[[1.3091623]],[[1.16323452]],[[1.2324039]],[[1.45394854]],[[1.1554794]],[[1.31353487]],[[1.14617272]]
['PTEN'],[[1.81795322]],[[2.44843793]],[[2.4133518]],[[2.41463048]],[[2.31139546]],[[1.72530969]],[[1.47613227]],[[1.13470735]],[[0.94935336]],[[1.24398891]],[[0.86818822]],[[1.03203806]],[[0.86574941]]
['CEBPB'],[[2.45491568]],[[3.19337055]],[[3.26692131]],[[3.20023207]],[[3.03515668]],[[2.69809565]],[[2.31852484]],[[2.09620062]],[[1.35360415]],[[1.62282128]],[[1.21072008]],[[1.48365147]],[[1.23334552]]
['SLC2A14'],[[1.58067141]],[[1.5912897]],[[1.37259054]],[[1.83153279]],[[4.54548322]],[[1.81442436]],[[2.22443625]],[[1.7346508]],[[2.37167519]],[[3.10574656]],[[1.20816634]],[[1.9999996]],[[1.64228166]]
['PPP1R3B'],[[1.60101751]],[[2.7986479]],[[2.80797142]],[[2.82361588]],[[2.59067251]],[[2.20106252]],[[2.04821404]],[[1.86143884]],[[1.16057877]],[[1.39010389]],[[0.98675592]],[[1.21775657]],[[0.99824004]]
['TRIB1'],[[2.27499506]],[[2.62179846]],[[2.89659733]],[[2.92191899]],[[2.63011685]],[[1.77449578]],[[1.33908544]],[[1.09301055]],[[0.87731099]],[[1.270117]],[[0.8567204]],[[1.02086531]],[[0.86298141]]
['AGFG1'],[[2.05086363]],[[3.03047033]],[[2.99412449]],[[3.06958034]],[[2.9386358]],[[2.03970794]],[[1.855943]],[[1.40400652]],[[1.02804787]],[[1.22026539]],[[0.91226233]],[[1.02342573]],[[0.90262908]]
['GPR160'],[[2.50426241]],[[2.68512784]],[[2.65111734]],[[2.61883236]],[[3.07502158]],[[1.82026449]],[[1.97501884]],[[1.45089836]],[[1.21701728]],[[1.37798539]],[[0.98316044]],[[1.29779595]],[[1.04324155]]
['MSRA'],[[2.06468841]],[[2.45565041]],[[2.41364715]],[[2.34097643]],[[2.42407769]],[[2.0744634]],[[1.74555771]],[[1.57289158]],[[1.01463483]],[[1.29958354]],[[0.99692068]],[[1.15375051]],[[1.02154009]]
['BASP1'],[[2.05720818]],[[2.9852021]],[[3.10024606]],[[3.15946818]],[[3.11319716]],[[2.57390998]],[[2.12110179]],[[1.94809172]],[[1.34455907]],[[1.53598821]],[[1.17823459]],[[1.42043206]],[[1.1100304]]
['CD163L1'],[[1.18902564]],[[3.04395198]],[[2.94021888]],[[2.92873406]],[[2.65206355]],[[1.45879507]],[[1.04714529]],[[1.37142847]],[[1.11392353]],[[1.0006668]],[[0.568905]],[[0.83518643]],[[0.75522307]]
['THBD'],[[1.66946416]],[[2.80079675]],[[3.00396948]],[[2.97731465]],[[3.02155091]],[[2.03130114]],[[1.65385036]],[[1.37464313]],[[1.45383738]],[[1.91559647]],[[1.42407985]],[[1.6183544]],[[1.40526374]]
['AC140134.1'],[[0.78164813]],[[2.50178205]],[[2.38375224]],[[2.65426367]],[[2.76705903]],[[2.54176391]],[[2.12666366]],[[1.89866107]],[[1.30524512]],[[1.238081]],[[0.92100665]],[[1.10091863]],[[1.0179904]]
['WDFY3-AS2'],[[1.69598365]],[[2.46719334]],[[2.69506133]],[[2.41103746]],[[2.62460259]],[[2.14666167]],[[1.73674836]],[[1.41501739]],[[1.29199914]],[[1.44415208]],[[0.75161078]],[[1.06309339]],[[0.95768909]]
['ST20'],[[1.86474062]],[[2.915784]],[[2.85273545]],[[2.71230072]],[[2.73834606]],[[1.79760615]],[[1.51572703]],[[0.98315196]],[[0.9354343]],[[1.25917693]],[[0.87216356]],[[1.11059765]],[[0.97063365]]
['LIMK2'],[[1.57490145]],[[2.71488047]],[[2.77717074]],[[2.66707985]],[[2.37089487]],[[2.03510636]],[[1.82085709]],[[1.74746503]],[[1.05118616]],[[1.19167468]],[[0.86939678]],[[1.13158908]],[[0.87868093]]
['ADGRG3'],[[2.64421599]],[[3.38899563]],[[3.58187043]],[[3.53962412]],[[3.27285286]],[[2.56864927]],[[2.23614077]],[[2.01191649]],[[1.16660468]],[[1.57810868]],[[1.11284729]],[[1.3743468]],[[1.06024468]]
['SLC8A1'],[[1.28823028]],[[2.50163255]],[[2.55246417]],[[2.50026444]],[[2.09555368]],[[1.83192029]],[[1.44686978]],[[1.25393296]],[[1.00480996]],[[1.04180546]],[[0.76989027]],[[0.96832013]],[[0.82913787]]
['KREMEN1'],[[2.10999888]],[[2.73693626]],[[2.91176493]],[[3.00239651]],[[2.96171715]],[[3.22197507]],[[2.95408007]],[[2.9439198]],[[1.83875009]],[[1.73166094]],[[1.07136807]],[[1.60521168]],[[1.15990238]]
['SORCS2'],[[2.61351895]],[[4.53832409]],[[4.16881764]],[[4.66454726]],[[3.78531247]],[[3.65826328]],[[2.72220196]],[[2.11545201]],[[2.16921869]],[[2.19177728]],[[2.24682761]],[[2.5610249]],[[2.07683832]]
['ZNF445'],[[2.28001117]],[[3.05222807]],[[3.01854858]],[[3.0150624]],[[2.7575266]],[[1.76737346]],[[1.67669535]],[[1.3467422]],[[1.03215087]],[[1.22655621]],[[1.10419242]],[[1.25102902]],[[1.05953547]]
['FFAR3'],[[0.99678297]],[[1.30108143]],[[1.75874112]],[[2.56594841]],[[1.6426153]],[[1.4448203]],[[1.27614827]],[[2.23377149]],[[1.25971365]],[[0.64488074]],[[0.6104404]],[[0.84478043]],[[0.32376956]]
['CYP26C1'],[[1.5103897]],[[2.19182492]],[[2.28511933]],[[2.33215887]],[[2.24024902]],[[1.6717386]],[[2.11029784]],[[1.63985936]],[[1.40729511]],[[1.19927923]],[[0.57378886]],[[1.02483979]],[[0.89951056]]
['AC097382.1'],[[2.64338179]],[[2.98514326]],[[2.78669393]],[[2.34339472]],[[2.65478423]],[[1.99308944]],[[2.20972961]],[[1.49030444]],[[1.26476923]],[[1.2165875]],[[1.25940114]],[[1.25301331]],[[0.90513636]]
['PLSCR1'],[[1.22491267]],[[2.45705248]],[[2.57040648]],[[2.67210284]],[[2.19804404]],[[1.68664302]],[[1.36417531]],[[1.10055757]],[[0.51524833]],[[0.67008694]],[[0.4339513]],[[0.64769964]],[[0.50663418]]
['RALGAPA2'],[[1.73977341]],[[2.60212037]],[[2.66647984]],[[2.72924079]],[[2.66667477]],[[1.83657973]],[[1.61743994]],[[1.39244778]],[[1.15078777]],[[1.33240924]],[[1.05040534]],[[1.17839844]],[[1.00730328]]
['KAZN'],[[2.58343095]],[[2.81252105]],[[2.76788084]],[[2.54529145]],[[2.61507558]],[[2.13382562]],[[1.82937708]],[[1.49416056]],[[1.19017438]],[[1.70064635]],[[1.25813803]],[[1.23969046]],[[0.98318558]]
['IL1RAP'],[[1.77681392]],[[3.00109383]],[[3.06943122]],[[3.1066835]],[[2.78854163]],[[1.47252121]],[[1.33210036]],[[1.03964969]],[[0.74470359]],[[1.02487863]],[[0.72240533]],[[0.97545011]],[[0.79542049]]
['ARID5A'],[[2.11819947]],[[3.04055789]],[[3.14094394]],[[3.00663034]],[[2.81429339]],[[1.91581751]],[[1.70469133]],[[1.60367743]],[[1.19499771]],[[1.44929205]],[[1.21706461]],[[1.46891325]],[[1.146712]]
['LAMB3'],[[1.83186676]],[[1.67635933]],[[2.52808503]],[[2.5755096]],[[2.61046174]],[[2.24368267]],[[1.96898577]],[[1.50651494]],[[1.11904895]],[[1.01922716]],[[0.65675393]],[[1.10285073]],[[0.72448125]]
['ENTPD7'],[[0.74061637]],[[1.53459185]],[[1.5778852]],[[1.6996628]],[[2.41810952]],[[2.56296525]],[[1.91842059]],[[1.35793634]],[[0.87135162]],[[1.05919276]],[[0.83603776]],[[1.00845033]],[[0.88500282]]
['FCGR1B'],[[0.84799025]],[[2.39436844]],[[2.46151056]],[[2.31907469]],[[1.983468]],[[2.09129088]],[[1.52144449]],[[1.52328758]],[[0.80949761]],[[0.79971072]],[[0.57418423]],[[0.82880359]],[[0.64207503]]
['F5'],[[2.28840114]],[[2.34083739]],[[2.35276666]],[[2.46839537]],[[2.58852376]],[[2.69602501]],[[2.60342401]],[[2.24876778]],[[1.34251868]],[[1.37524403]],[[0.91236486]],[[1.13851003]],[[0.87741378]]
['SNORA30'],[[1.50006367]],[[3.24352727]],[[3.55190014]],[[3.26385955]],[[2.77761243]],[[1.60598555]],[[1.64748632]],[[0.96521874]],[[1.16282169]],[[1.0903455]],[[0.98464339]],[[1.22400972]],[[0.79322392]]
['RNU4-38P'],[[1.83186645]],[[1.74548463]],[[0.82072585]],[[1.59684993]],[[1.56437239]],[[1.13248097]],[[1.1497699]],[[0.18402805]],[[0.2207899]],[[0.58011425]],[[0.48949185]],[[0.45491323]],[[0.26214136]]
['CR1'],[[2.30331381]],[[2.84584628]],[[2.91478094]],[[2.99807593]],[[2.99835661]],[[2.84997089]],[[2.7700179]],[[2.53659195]],[[1.54001098]],[[1.59334027]],[[1.06025192]],[[1.27745431]],[[0.9985465]]
['AL645568.1'],[[1.68074481]],[[2.59612247]],[[2.60377181]],[[2.57459645]],[[2.62974846]],[[1.77516128]],[[1.77251943]],[[1.41227352]],[[1.16977259]],[[1.25128392]],[[1.12841322]],[[1.2788163]],[[1.07434584]]
['LINC01270'],[[2.06396061]],[[2.9146858]],[[3.0023795]],[[3.09032928]],[[2.92218624]],[[3.23864771]],[[2.36218984]],[[2.17426558]],[[1.97842197]],[[1.54551461]],[[1.27554082]],[[1.63812319]],[[1.26360843]]
['TBC1D8'],[[1.29160101]],[[2.1016755]],[[2.24432312]],[[2.33402737]],[[2.34284903]],[[1.77544334]],[[1.52984562]],[[1.3535926]],[[0.9099505]],[[0.91909462]],[[0.71970599]],[[0.8172815]],[[0.76020231]]
['TRIQK'],[[1.53205123]],[[2.27600744]],[[2.16146728]],[[2.1685507]],[[2.24581837]],[[1.40162865]],[[1.34506081]],[[1.02327261]],[[0.9306103]],[[1.1598483]],[[0.80931501]],[[0.93306185]],[[0.77826432]]
['CLEC6A'],[[1.27632269]],[[2.13284448]],[[2.34275762]],[[2.4921496]],[[2.38850869]],[[1.17542664]],[[1.70104631]],[[1.48486083]],[[1.10964561]],[[1.35652442]],[[0.90874835]],[[0.89231612]],[[0.98010128]]
['MXD3'],[[1.57085621]],[[3.05607056]],[[3.06549451]],[[2.8905022]],[[2.80365465]],[[1.96234417]],[[1.90571336]],[[1.89446234]],[[1.21647159]],[[1.4173722]],[[0.99952963]],[[1.21368525]],[[1.00720846]]
['LDHAP4'],[[0.68662813]],[[2.34444877]],[[2.52808473]],[[2.78779376]],[[2.78454218]],[[1.82986785]],[[1.82339702]],[[1.51569672]],[[1.15945588]],[[1.41448759]],[[1.23952191]],[[1.33735129]],[[1.11955963]]
['UBXN2B'],[[2.01616575]],[[2.5937336]],[[2.56571839]],[[2.64898925]],[[2.49076094]],[[1.80253841]],[[1.60555323]],[[1.26444441]],[[0.97393016]],[[1.21396216]],[[0.88796023]],[[1.03046208]],[[0.88411368]]
['AL137145.2'],[[2.19610415]],[[3.52048326]],[[3.64536839]],[[3.67895752]],[[3.21430449]],[[3.23002346]],[[2.11198665]],[[1.75492676]],[[1.29326063]],[[1.3862484]],[[1.17608271]],[[1.4074793]],[[1.11231148]]
['LARP1P1'],[[1.99517176]],[[3.11880987]],[[2.52808441]],[[2.18378429]],[[2.78550022]],[[2.79945434]],[[2.1873843]],[[1.68803349]],[[1.62463469]],[[1.82610174]],[[1.23920275]],[[1.42090304]],[[0.99744642]]
['RN7SKP296'],[[2.39687752]],[[3.29054421]],[[3.2643841]],[[3.17081354]],[[2.70016644]],[[1.88512043]],[[1.43210383]],[[1.44803192]],[[0.6864198]],[[1.07895706]],[[0.73115765]],[[1.01395683]],[[0.84234965]]
['RNA5SP450'],[[1.34254566]],[[1.57365698]],[[2.07670868]],[[1.64434675]],[[2.14533021]],[[0.56261289]],[[0.51255529]],[[0]],[[0.42576419]],[[0.58368838]],[[0.56000342]],[[0.66482946]],[[0.78464094]]
['AC072022.1'],[[1.26782661]],[[2.85980636]],[[3.06875405]],[[3.05712201]],[[2.86548632]],[[1.82525202]],[[1.81717311]],[[1.5065146]],[[0.9376778]],[[1.25380881]],[[0.83369647]],[[1.12178986]],[[0.89753036]]
['AL354877.1'],[[0.48975499]],[[2.43863992]],[[2.07025718]],[[2.37745068]],[[2.4562283]],[[2.6773894]],[[2.41193498]],[[1.63469362]],[[1.24662213]],[[1.05029834]],[[0.7581687]],[[1.09728684]],[[0.76065168]]
['AL021707.1'],[[2.05627713]],[[2.47403444]],[[2.47642283]],[[2.38459384]],[[2.17745595]],[[1.41919908]],[[1.53902099]],[[1.16094662]],[[0.81715051]],[[1.09095534]],[[0.7915179]],[[0.86739446]],[[0.71929528]]
['C5orf67'],[[2.56233189]],[[2.92383538]],[[2.45155411]],[[2.65881866]],[[2.70529121]],[[3.22442307]],[[2.88725612]],[[1.68803349]],[[1.45493995]],[[1.22183989]],[[0.92531987]],[[0.83739985]],[[0.59008603]]
['AL031658.1'],[[2.27499515]],[[3.82550256]],[[2.66994762]],[[3.0155826]],[[3.96663794]],[[3.81924845]],[[2.39663819]],[[2.93857117]],[[2.2557727]],[[2.19967313]],[[2.25374737]],[[1.98754972]],[[1.99425863]]
['DISC1-IT1'],[[1.18902565]],[[2.3555469]],[[2.61084912]],[[2.65881911]],[[2.61331079]],[[2.08283579]],[[1.61197516]],[[1.23910118]],[[1.01180385]],[[0.94689476]],[[0.8623296]],[[1.25879169]],[[1.09701155]]
['MTND6P11'],[[0.95261312]],[[2.44218464]],[[2.15007234]],[[2.74932342]],[[2.28612592]],[[1.94234798]],[[1.70306709]],[[0.85267207]],[[0.55416842]],[[0.77478829]],[[0.78268287]],[[0.96786854]],[[0.87751134]]
['AL353662.1'],[[1.78159889]],[[2.74970964]],[[2.32243571]],[[2.23639271]],[[2.51608543]],[[2.102043]],[[1.80254597]],[[1.29349673]],[[0.97953966]],[[1.2854429]],[[1.20233499]],[[1.26811674]],[[1.10300605]]
['AC012368.2'],[[1.9881365]],[[1.97083595]],[[2.40803342]],[[2.50357665]],[[2.21245433]],[[1.47950552]],[[1.32348921]],[[0.86591257]],[[0.7714352]],[[1.08828726]],[[0.92849084]],[[0.94131276]],[[0.77815095]]
['GK-IT1'],[[1.85424511]],[[2.93738705]],[[2.7883182]],[[3.09576665]],[[2.32803]],[[1.57045156]],[[1.39112922]],[[1.02515166]],[[0.71229917]],[[1.04519365]],[[0.74326622]],[[1.06824334]],[[0.73323169]]
['NAMPTP1'],[[2.06537481]],[[2.33666037]],[[2.39614415]],[[2.46295052]],[[2.53001478]],[[2.01362305]],[[1.70714306]],[[1.29486786]],[[0.81499783]],[[1.18477476]],[[0.85163965]],[[0.99977903]],[[0.78192033]]
['GCNT1P3'],[[2.17940274]],[[2.89508308]],[[2.90725446]],[[2.64650113]],[[2.52162419]],[[1.5254982]],[[1.11329066]],[[1.20080057]],[[0.59783913]],[[0.90658078]],[[0.56307381]],[[0.80985732]],[[0.53174975]]
['SPATA20P1'],[[1.95604494]],[[3.0724804]],[[3.027168]],[[2.75661498]],[[2.85528668]],[[2.45189099]],[[2.9876553]],[[2.797479]],[[2.153985]],[[1.69394842]],[[0.98411025]],[[1.72223385]],[[1.28068734]]
['IDI2-AS1'],[[2.14185708]],[[3.11880987]],[[3.22405444]],[[2.78779357]],[[2.68159536]],[[0.4827981]],[[2.29580229]],[[1.18257306]],[[0.94143817]],[[1.01270701]],[[0.71184728]],[[1.54948642]],[[1.2440372]]
['AC002511.1'],[[1.20316513]],[[2.23231348]],[[2.16412163]],[[2.09210355]],[[1.8348544]],[[1.60881504]],[[1.29826802]],[[1.08368313]],[[0.75529173]],[[0.74077836]],[[0.67045061]],[[0.82642996]],[[0.60262034]]
['AC243772.2'],[[1.30567008]],[[2.15672671]],[[1.77139026]],[[1.87088893]],[[2.54615862]],[[2.15634084]],[[1.54576392]],[[1.41501727]],[[1.36276953]],[[1.54227883]],[[0.90705104]],[[1.27204331]],[[1.01237425]]
['AC002511.2'],[[1.08735194]],[[2.91431461]],[[3.12896739]],[[2.96687976]],[[2.17872593]],[[2.33536227]],[[1.50692035]],[[1.40325915]],[[0.79234874]],[[0.9100671]],[[0.64369196]],[[0.8197908]],[[0.69987085]]
['AL359815.1'],[[1.79907689]],[[3.57439038]],[[3.57913467]],[[3.55348904]],[[3.12878232]],[[3.32440497]],[[2.30231528]],[[2.70831758]],[[1.56798662]],[[1.58327086]],[[1.11792274]],[[1.46797781]],[[1.11436152]]
['AL445524.1'],[[1.76287634]],[[2.5498884]],[[2.68565396]],[[2.81792117]],[[2.33556899]],[[2.09856949]],[[1.81016312]],[[1.86173681]],[[1.11544359]],[[1.26079495]],[[0.83413764]],[[1.00192783]],[[0.71351075]]
['LINC01136'],[[1.69598344]],[[2.61624285]],[[2.42408755]],[[2.45876004]],[[2.16252703]],[[1.58250803]],[[1.20947679]],[[1.10689776]],[[0.96273158]],[[1.28676746]],[[0.75016068]],[[0.90332215]],[[0.75353035]]
['AC138951.1'],[[1.54595861]],[[3.7391615]],[[3.43750878]],[[3.539818]],[[3.62719973]],[[4.04444702]],[[3.84101322]],[[2.74720588]],[[2.89284842]],[[2.18941359]],[[2.31333205]],[[2.09611599]],[[1.48635202]]
['AC245884.2'],[[2.15393472]],[[2.75044046]],[[3.01334471]],[[3.18400781]],[[2.431787]],[[3.17559369]],[[2.71457877]],[[2.80818011]],[[1.54887314]],[[1.45459326]],[[1.00760329]],[[1.22646228]],[[0.87841969]]
['FAM157A'],[[1.70080559]],[[2.6499534]],[[2.70445433]],[[2.68375593]],[[2.81382048]],[[2.33684999]],[[1.90358019]],[[1.68078781]],[[1.22575234]],[[1.44032475]],[[1.11116637]],[[1.44775523]],[[1.1200959]]
['ZDHHC20-IT1'],[[1.18902561]],[[3.33046352]],[[3.43750878]],[[3.30138191]],[[3.85898625]],[[3.62379301]],[[2.98765515]],[[2.52651898]],[[1.84874574]],[[1.98292515]],[[1.86483744]],[[1.99885995]],[[1.98279593]]
['AL732372.2'],[[1.63188585]],[[2.59304224]],[[2.96773762]],[[2.63267944]],[[2.54447338]],[[2.27055063]],[[1.91561101]],[[1.57575153]],[[1.03789164]],[[1.27746404]],[[1.03951002]],[[1.22900131]],[[1.04206918]]
['DDX10P1'],[[1.14846394]],[[2.41451464]],[[2.23526322]],[[2.31640616]],[[1.81485162]],[[2.07349541]],[[1.85073753]],[[1.429259]],[[0.58630777]],[[0.64223926]],[[0.51672145]],[[0.71938848]],[[0.53791068]]
['RPL12P27'],[[2.14917951]],[[2.36771418]],[[2.22346797]],[[2.12331576]],[[2.2639933]],[[2.13382555]],[[1.23086596]],[[1.51328593]],[[1.11081143]],[[1.18112531]],[[1.07463618]],[[1.32755076]],[[0.87543251]]
['LINC00211'],[[1.68438376]],[[2.79094818]],[[2.73631778]],[[2.63009261]],[[2.30888154]],[[2.07812429]],[[1.46069802]],[[1.56374273]],[[0.8871438]],[[1.18227322]],[[0.78146006]],[[1.06374302]],[[0.87793452]]
['SNORD112'],[[1.43650758]],[[2.38111411]],[[2.42511447]],[[2.18378445]],[[2.05159668]],[[1.13248089]],[[1.04714519]],[[0.79968746]],[[0.76124406]],[[0.94439154]],[[0.95551553]],[[1.01616428]],[[0.58028836]]
['RN7SL552P'],[[1.95604559]],[[2.75809692]],[[2.56487952]],[[2.3179894]],[[2.60206761]],[[1.75903134]],[[1.8742429]],[[1.59634556]],[[0.96068478]],[[1.21453405]],[[0.89266967]],[[0.91118223]],[[0.72733685]]
['AL627309.2'],[[1.342546]],[[2.54390365]],[[2.43574897]],[[2.25691047]],[[2.24146968]],[[2.14342055]],[[1.5804749]],[[1.18257358]],[[0.72135722]],[[1.20854911]],[[0.9869599]],[[1.30028537]],[[0.84845478]]
['AL365273.1'],[[1.87548173]],[[2.5950005]],[[2.502406]],[[2.52441291]],[[2.24629104]],[[1.70857647]],[[1.36381281]],[[1.03229305]],[[1.02450508]],[[1.13759501]],[[0.93545478]],[[0.91665968]],[[0.76010339]]
['AL627309.5'],[[1.45389627]],[[3.70919292]],[[2.4333013]],[[2.3080971]],[[2.34542118]],[[2.28770662]],[[1.58311018]],[[1.38498093]],[[1.07830639]],[[1.26788716]],[[1.1404009]],[[1.14986704]],[[1.02144733]]
['AC112496.1'],[[1.23192565]],[[2.71009344]],[[2.65681256]],[[2.51236164]],[[2.16065705]],[[1.7861003]],[[1.39414219]],[[1.2274303]],[[0.8778343]],[[1.00969626]],[[0.7836601]],[[1.00629428]],[[0.83318072]]
['GNG10'],[[1.43650817]],[[2.27600716]],[[2.43574897]],[[2.14578321]],[[2.2772396]],[[2.19442242]],[[2.02045585]],[[1.53839865]],[[1.02481222]],[[1.16623924]],[[0.79143682]],[[1.03208717]],[[0.80165107]]
['EEF1A1P10'],[[1.41101513]],[[3.0028192]],[[2.91763703]],[[2.70310436]],[[2.41221808]],[[1.27092396]],[[1.17882631]],[[1.15997789]],[[0.72713637]],[[0.73676086]],[[1.00488229]],[[0.99961467]],[[0.71351081]]
['RPL30P7'],[[1.71172916]],[[2.03959022]],[[1.99278059]],[[2.24497708]],[[2.1236213]],[[1.96888104]],[[1.98634699]],[[0.9652186]],[[0.80015821]],[[1.15399836]],[[1.04441312]],[[0.86111415]],[[0.88660464]]
['ETV5'],[[1.43650782]],[[2.00711626]],[[2.04580486]],[[1.8708888]],[[1.67971955]],[[0.71884029]],[[0.61656303]],[[0.74380623]],[[0.66682712]],[[0.86401534]],[[0.61976283]],[[0.71943253]],[[0.70897898]]
['AC068189.1'],[[5.15216876]],[[4.25691062]],[[3.93585195]],[[5.11531065]],[[5.03029468]],[[3.39764337]],[[3.67025233]],[[3.39555561]],[[2.81899686]],[[3.32920838]],[[3.06444011]],[[3.1642347]],[[2.72821988]]
['FLJ21408'],[[1.1405782]],[[2.88651654]],[[3.04566367]],[[3.05229649]],[[2.81843377]],[[2.64625197]],[[2.00400382]],[[1.88323594]],[[1.15935985]],[[1.23548267]],[[1.09796368]],[[1.50285518]],[[1.19219847]]
['AC010627.1'],[[1.28129696]],[[2.03580777]],[[2.09102545]],[[1.93126976]],[[2.63000397]],[[2.17214346]],[[1.78514533]],[[1.56595805]],[[1.14084718]],[[1.25904137]],[[0.96414222]],[[1.221629]],[[1.03292346]]
['FLJ46284'],[[1.43650741]],[[2.10242401]],[[2.41171002]],[[2.58973188]],[[2.31030787]],[[1.62602727]],[[1.56322319]],[[1.13122634]],[[0.91805258]],[[1.24893142]],[[0.86673919]],[[1.11639748]],[[0.83069913]]
['AC097376.1'],[[1.97964857]],[[2.25955879]],[[2.66994762]],[[2.65881858]],[[2.45859737]],[[1.70729222]],[[1.78776872]],[[0.96521867]],[[1.04683968]],[[1.33488843]],[[1.39358053]],[[1.4493982]],[[1.44689132]]
['FMN1'],[[1.36414479]],[[3.47502939]],[[3.30428415]],[[3.46596481]],[[3.46642404]],[[1.99804801]],[[1.87665305]],[[1.02852155]],[[1.06801502]],[[1.61934686]],[[1.39829081]],[[1.51326433]],[[1.41760125]]
['NAIP'],[[0.90871511]],[[2.57662237]],[[2.68022828]],[[2.8456167]],[[2.82409891]],[[2.90008969]],[[2.53676006]],[[2.17640808]],[[1.42465956]],[[1.36544058]],[[0.94502868]],[[1.17122208]],[[1.09781017]]
['AL355916.1'],[[2.35920256]],[[3.91414998]],[[4.13584884]],[[4.25091019]],[[3.74399707]],[[2.24478265]],[[1.79584784]],[[1.62193487]],[[1.49012153]],[[2.01325237]],[[1.46699516]],[[1.51262808]],[[1.44426786]]
['AL732372.3'],[[1.43650764]],[[2.57081662]],[[1.99278059]],[[2.36008605]],[[4.65167847]],[[2.06336873]],[[3.35648925]],[[1.37142815]],[[1.69663686]],[[2.06202856]],[[1.76106425]],[[1.88909002]],[[1.0311352]]
['AC146944.2'],[[2.02572609]],[[1.98727504]],[[3.8668045]],[[5.34647847]],[[2.51723792]],[[3.86718869]],[[2.75675841]],[[2.70568698]],[[1.48257782]],[[1.54602659]],[[1.45543107]],[[1.28854224]],[[0.88881886]]
['AC106865.1'],[[1.33341471]],[[2.06741747]],[[2.04580466]],[[2.39593944]],[[2.73666547]],[[1.10775009]],[[1.18039835]],[[1.0711897]],[[1.43183727]],[[1.26590383]],[[1.06086435]],[[0.9981998]],[[0.67727721]]
['AC145138.1'],[[1.76552413]],[[3.17470474]],[[2.61836973]],[[2.18378455]],[[3.17863487]],[[2.41204567]],[[2.50224444]],[[1.85558637]],[[1.18607405]],[[1.35146724]],[[2.23159495]],[[1.63148903]],[[1.48278409]]
['RNU7-13P'],[[1.72420285]],[[3.64732208]],[[3.50722585]],[[3.30138209]],[[3.60424635]],[[2.58685769]],[[2.14162803]],[[1.87444546]],[[1.54829994]],[[1.45281332]],[[1.23462047]],[[1.7291364]],[[1.23657422]]
['AC022762.1'],[[1.04729796]],[[1.67635897]],[[1.31615546]],[[1.74944472]],[[1.89012]],[[0.99539659]],[[1.27614867]],[[1.07798534]],[[0.56078712]],[[0.70282751]],[[0.55192188]],[[0.44201748]],[[0.74932997]]
['AP001922.3'],[[1.65444654]],[[2.92383525]],[[3.10848691]],[[3.00097673]],[[2.5461254]],[[2.23278655]],[[1.75093826]],[[1.46020058]],[[1.07469134]],[[1.29445779]],[[1.03579938]],[[1.18344176]],[[0.96207078]]
['AC067930.4'],[[1.74501147]],[[2.7044206]],[[2.73435505]],[[2.75661486]],[[1.74777679]],[[1.97679329]],[[1.64748635]],[[1.49640482]],[[0.51465289]],[[0.79690782]],[[0.49112544]],[[0.5803062]],[[0.56657732]]
['HLX-AS1'],[[1.99517163]],[[2.27600675]],[[2.45155411]],[[2.18378406]],[[1.98838594]],[[1.57882135]],[[0.77480416]],[[0.96521864]],[[0.83106369]],[[1.2110275]],[[0.84358511]],[[0.98530795]],[[0.76822108]]
['MGAM2'],[[1.78392213]],[[2.13469208]],[[2.06069328]],[[2.02773912]],[[1.88358231]],[[2.77187252]],[[2.63801683]],[[2.0374219]],[[0.95972801]],[[0.95964642]],[[0.58328739]],[[0.87731714]],[[0.64438675]]
['LINC02289'],[[2.40184284]],[[3.08544457]],[[3.25312845]],[[3.34306675]],[[3.0942835]],[[2.29728504]],[[1.30293071]],[[0.55193251]],[[0.69121679]],[[1.96254584]],[[1.38286351]],[[1.56272401]],[[1.49241865]]
['RANBP20P'],[[2.33722337]],[[2.00711616]],[[1.75874086]],[[2.51717097]],[[2.13264648]],[[1.91921058]],[[1.16618595]],[[1.28008865]],[[0.62045817]],[[1.08671596]],[[0.39938987]],[[1.0125395]],[[0.57502153]]
['MTND5P32'],[[2.04973762]],[[3.05925345]],[[3.01775237]],[[2.91577946]],[[2.86714713]],[[2.05403777]],[[1.87424313]],[[1.15233442]],[[0.93427629]],[[1.12958244]],[[0.87227838]],[[1.05174883]],[[0.8110275]]
['AC021483.1'],[[1.86604019]],[[3.63462352]],[[3.31326094]],[[3.43342864]],[[3.25997001]],[[2.19442242]],[[1.64748696]],[[1.47391064]],[[1.31009687]],[[1.54042509]],[[1.16664333]],[[1.48297601]],[[1.41001253]]
['AC066616.2'],[[2.07338656]],[[3.03524234]],[[3.01629123]],[[2.99376988]],[[2.86946501]],[[1.98418317]],[[1.73872321]],[[1.13337371]],[[0.84440253]],[[1.04883145]],[[0.85308579]],[[1.02854202]],[[0.82051785]]
['MTCO3P23'],[[2.49208805]],[[3.43245453]],[[3.39727009]],[[3.31496387]],[[3.20034822]],[[2.52842534]],[[2.19918789]],[[1.50481691]],[[1.1494452]],[[1.41740193]],[[1.13187208]],[[1.33470094]],[[0.99713432]]
['AC021483.2'],[[1.78077349]],[[2.84067194]],[[2.85384232]],[[2.43315167]],[[2.74015701]],[[1.67463836]],[[1.28974577]],[[0.77111598]],[[0.99854674]],[[1.18506116]],[[1.09296959]],[[1.2061869]],[[0.99120317]]
['AC005632.2'],[[1.83186658]],[[2.85892124]],[[2.69169277]],[[2.6805328]],[[2.52807065]],[[2.29731851]],[[2.21600791]],[[1.82708925]],[[1.1077843]],[[1.27227759]],[[1.06250143]],[[1.04373612]],[[1.03260761]]
['AC015912.1'],[[1.8318665]],[[3.07248074]],[[2.66994775]],[[3.01558235]],[[3.0983681]],[[1.99308956]],[[2.39663847]],[[2.11545232]],[[1.73494636]],[[1.98399788]],[[1.45463832]],[[1.82702104]],[[1.31733445]]
['AC090772.3'],[[2.88751237]],[[3.82550256]],[[4.70222961]],[[3.92350566]],[[3.16311761]],[[3.39764337]],[[2.8872565]],[[2.74720621]],[[2.38162034]],[[2.17187241]],[[2.15586537]],[[1.78188489]],[[1.25404031]]
['MIR4451'],[[0.71368991]],[[2.51993501]],[[2.32856226]],[[2.38068317]],[[2.37012337]],[[1.22737051]],[[1.30237827]],[[1.05060916]],[[0.92200448]],[[0.81989821]],[[0.7065933]],[[1.08713796]],[[0.67880395]]
['KCNJ2-AS1'],[[2.32024655]],[[2.82224742]],[[2.67968166]],[[2.58887943]],[[2.43701257]],[[1.82486184]],[[1.54956809]],[[1.59976272]],[[1.09162382]],[[1.06332413]],[[0.76381026]],[[1.09263559]],[[0.92280114]]
['AC087645.2'],[[1.18902535]],[[2.92383538]],[[3.39726985]],[[3.38531629]],[[2.9532517]],[[3.28450397]],[[1.6474866]],[[2.26586774]],[[1.55621734]],[[1.45669124]],[[1.34037797]],[[1.46116297]],[[1.57349333]]
['AC008040.5'],[[3.05240267]],[[2.92383547]],[[2.82360024]],[[2.77540301]],[[3.18742557]],[[1.65362756]],[[2.1760808]],[[1.75740672]],[[1.56776182]],[[1.56035649]],[[1.45213515]],[[1.69278502]],[[1.44080688]]
['AL627309.7'],[[2.45871014]],[[2.94066373]],[[2.9435452]],[[2.83857511]],[[2.76543666]],[[2.77927943]],[[2.44325746]],[[2.11116105]],[[1.37096503]],[[1.7881816]],[[1.43972583]],[[1.71510031]],[[1.42980553]]
['AC020907.3'],[[0.89011552]],[[2.57081662]],[[2.79910122]],[[2.36008605]],[[2.93488541]],[[2.79945434]],[[1.6474866]],[[1.82359658]],[[1.32599309]],[[1.19328593]],[[1.01997886]],[[1.51300856]],[[1.0513115]]
['AC136475.7'],[[1.99219957]],[[2.76483649]],[[3.17729446]],[[3.1210426]],[[1.959388]],[[2.05808278]],[[1.57981485]],[[1.60939366]],[[0.81893303]],[[0.73698074]],[[0.71138478]],[[0.58174892]],[[0.34745733]]
['AC104695.3'],[[1.64321636]],[[2.43759106]],[[2.6420432]],[[2.64030244]],[[2.39850589]],[[1.6511404]],[[1.43114374]],[[0.99685769]],[[0.8692194]],[[1.1044345]],[[0.93247691]],[[0.87793752]],[[0.82569326]]
['AC005072.1'],[[1.3180669]],[[2.10242476]],[[2.11123504]],[[1.74944511]],[[1.89924173]],[[1.6717386]],[[1.23004427]],[[0.76802091]],[[0.91318052]],[[1.01507423]],[[0.79321494]],[[1.07455789]],[[0.78632067]]
['AL021707.6'],[[1.99048553]],[[2.35788978]],[[2.40065058]],[[2.40951921]],[[2.24336479]],[[1.23937958]],[[1.33277362]],[[1.25994722]],[[0.7693565]],[[0.95403685]],[[0.62984851]],[[0.78760954]],[[0.70101949]]
['AL021707.7'],[[1.54595818]],[[2.60376691]],[[2.669947]],[[2.44076501]],[[2.20938188]],[[1.67173814]],[[1.51917126]],[[1.28008834]],[[0.67256695]],[[0.84875472]],[[0.78519781]],[[0.92377222]],[[0.63865838]]
['AL590385.2'],[[0.94109919]],[[1.89178413]],[[2.19995982]],[[2.1361241]],[[1.44793513]],[[1.41377165]],[[1.15183246]],[[1.23215472]],[[0.49688007]],[[0.76226997]],[[0.42041198]],[[0.66767397]],[[0.49407146]]
['AC245884.11'],[[1.89213286]],[[2.70039807]],[[3.07464754]],[[3.03156525]],[[2.6055729]],[[2.8448024]],[[2.68720283]],[[2.36412794]],[[1.26873333]],[[1.40284738]],[[0.96998626]],[[1.21780864]],[[0.82148554]]
['DACH1'],[[1.75219687]],[[2.63378351]],[[2.55860202]],[[2.75770125]],[[3.0020285]],[[2.17265934]],[[2.25192299]],[[1.93103699]],[[1.59405376]],[[1.6863468]],[[1.09345963]],[[1.33377142]],[[1.02020916]]
['AC145423.3'],[[1.50006367]],[[2.6807906]],[[2.19409957]],[[2.59980692]],[[2.513289]],[[1.52290896]],[[1.64748632]],[[1.15345653]],[[1.08199604]],[[1.09550592]],[[1.24982589]],[[1.45912568]],[[0.92503484]]
['AC069528.2'],[[1.07565638]],[[2.60125929]],[[2.79672331]],[[2.95348139]],[[1.92125401]],[[1.82587394]],[[1.6380113]],[[1.28008873]],[[0.51284342]],[[0.66833142]],[[0.49813024]],[[0.8504598]],[[0.59614823]]
['AC015871.4'],[[2.15054792]],[[3.23115318]],[[3.06618978]],[[2.94472967]],[[3.06578542]],[[2.10977346]],[[1.61646169]],[[1.0711897]],[[1.09869061]],[[1.45560625]],[[1.21959219]],[[1.41658654]],[[1.11481245]]
['AC240565.2'],[[1.91072163]],[[2.10242439]],[[2.55119115]],[[2.26911363]],[[2.36961007]],[[2.47140894]],[[2.2426117]],[[1.83166068]],[[0.90384782]],[[1.30538573]],[[1.10999005]],[[1.29347301]],[[1.05492383]]
['AC215522.2'],[[2.04671881]],[[2.69558582]],[[2.65391887]],[[2.56850599]],[[2.5338563]],[[2.34657637]],[[2.04104471]],[[1.76877709]],[[1.24849704]],[[1.42811558]],[[1.16441011]],[[1.33908663]],[[1.06247681]]
['BX088645.1'],[[2.38607274]],[[2.83898164]],[[2.86890868]],[[2.81990194]],[[2.07087682]],[[2.35345994]],[[1.80061028]],[[1.75740652]],[[1.02981836]],[[1.04070093]],[[0.761689]],[[0.92351307]],[[0.77117632]]
['AL138694.1'],[[1.83186591]],[[2.26337067]],[[2.78956612]],[[2.62734264]],[[2.16373186]],[[2.16521785]],[[1.95277161]],[[1.70973625]],[[1.17543301]],[[0.9082014]],[[0.8700741]],[[1.11214115]],[[0.82708522]]
